<?xml version="1.0" encoding="utf-8"?>
<!--- 
  Regtype - registers (maximum 3, Reg1,Reg2,Reg3) R/W opcodes categories for SPI Flash devices.
  0 = reserved
  1 = one   register,  Read opcode  Reg1= 05,                     Write opcode  Reg1= 01 (default)
  2 = two   registers, Read opcodes Reg1= 05, Reg2= 35,           Write opcode  Reg1+Reg2= 01 (GIGADEVICE,WINBOND)
  3 = three registers, Read opcodes Reg1= 05, Reg2= 35, Reg3= 15, Write opcodes Reg1+Reg2= 01, Reg3= 11 (WINBOND)
  4 = three registers, Read opcodes Reg1= 05, Reg2= 35, Reg3= 15, Write opcodes Reg1= 01, Reg2= 31, Reg3= 11 (some GIGADEVICE)
  5 = two   registers, Read opcodes Reg1= 05, Reg2= A1,           Write opcodes Reg1= 01, Reg2= F1  (PFLASH, PMC)
  6 = three registers, Read opcodes Reg1= 05, Reg2= 15, Reg3= 2B, Write opcode  Reg1+Reg2= 01, Reg3= 2F (MACRONIX)
  
  
  
  10= NAND SPI flash
 -->
<StatusBits>
  <FLASH25>
    <DEFAULT>
      <flash signature="" name="default" Regtype="1">
        <sreg1>BUSY,WEL,BP0,BP1,S4,S5,S6,S7</sreg1>
        <sreg2>,,,,,,,</sreg2>
        <sreg3>,,,,,,,</sreg3>
      </flash>
      <flash signature="" name="default25N" Regtype="10">
        <sreg1>S0,S1,S2,BP0,BP1,BP2,S6,S7</sreg1>
        <sreg2>S8,S9,S10,S11,ECC-EN,S13,S14,S15</sreg2>
        <sreg3>BUSY,WEL,E-FAIL,P-FAIL,S20,S21,S22,S23</sreg3>
      </flash>
    </DEFAULT>
    <AMIC>
      <flash signature="" name="default" Regtype="1">
        <sreg1>BUSY,WEL,BP0,BP1,BP2,BP3,(QE),SRWD</sreg1>
        <sreg2>,,,,,,,</sreg2>
        <sreg3>,,,,,,,</sreg3>
      </flash>
      <flash signature="374017" name="A25LQ64" Regtype="1">
        <sreg1>BUSY,WEL,BP0,BP1,BP2,BP3,QE,SRWD</sreg1>
        <sreg2>,,,,,,,</sreg2>
        <sreg3>,,,,,,,</sreg3>
      </flash>
    </AMIC>
    <BOHONG>
      <flash signature="" name="default" Regtype="1">
        <sreg1>BUSY,WEL,BP0,BP1,BP2,,,SRP</sreg1>
        <sreg2>,,,,,,,</sreg2>
        <sreg3>,,,,,,,</sreg3>
      </flash>
      <flash signature="684014" name="BH25D80" Regtype="1">
        <sreg1>BUSY,WEL,BP0,BP1,BP2,,,SRP</sreg1>
        <sreg2>,,,,,,,</sreg2>
        <sreg3>,,,,,,,</sreg3>
      </flash>
    </BOHONG>
    <EON>
      <flash signature="" name="default" Regtype="1">
        <sreg1>BUSY,WEL,BP0,BP1,BP2,,,SRP</sreg1>
        <sreg2>,,,,,,,</sreg2>
        <sreg3>,,,,,,,</sreg3>
      </flash>
      <flash signature="1C2017" name="EN25B64" Regtype="1">
        <sreg1>BUSY,WEL,BP0,BP1,BP2,,,SRP</sreg1>
        <sreg2>,,,,,,,</sreg2>
        <sreg3>,,,,,,,</sreg3>
      </flash>
    </EON>
    <MICRON>
      <flash signature="" name="default" Regtype="1">
        <sreg1>BUSY,WEL,BP0,BP1,BP2,BP3,TB,SRP0</sreg1>
        <sreg2>,,,,,,,</sreg2>
        <sreg3>,,,,,,,</sreg3>
      </flash>
      <flash signature="20BA20" name="MT25Q512" Regtype="1">
        <sreg1>BUSY,WEL,BP0,BP1,BP2,BP3,TB,SRP0</sreg1>
        <sreg2>,,,,,,,</sreg2>
        <sreg3>,,,,,,,</sreg3>
      </flash>
    </MICRON>
    <PMC>
      <flash signature="" name="default" Regtype="1">
        <sreg1>BUSY,WEL,BP0,BP1,BP2,,,SRWD</sreg1>
        <sreg2>,,,,,,,</sreg2>
        <sreg3>,,,,,,,</sreg3>
      </flash>
      <flash signature="9D2F" name="Pm25LD256" Regtype="5">
        <sreg1>BUSY,WEL,BP0,BP1,,,,SRWD</sreg1>
        <sreg2>SCFG,SP0_0,SP0_1,SP0_2,SP0_3,,,</sreg2>
        <sreg3>,,,,,,,</sreg3>
      </flash>
      <flash signature="9D7B" name="Pm25LV512" Regtype="5">
        <sreg1>BUSY,WEL,BP0,BP1,,,,SRWD</sreg1>
        <sreg2>SCFG,SP0_0,SP0_1,SP0_2,SP0_3,,,</sreg2>
        <sreg3>,,,,,,,</sreg3>
      </flash>
      <flash signature="9D7C" name="Pm25LV10" Regtype="5">
        <sreg1>BUSY,WEL,BP0,BP1,,,,SRWD</sreg1>
        <sreg2>SCFG,SP0_0,SP0_1,SP0_2,SP0_3,,,</sreg2>
        <sreg3>,,,,,,,</sreg3>
      </flash>
      <flash signature="9D7D" name="Pm25LV20" Regtype="5">
        <sreg1>BUSY,WEL,BP0,BP1,,,,SRWD</sreg1>
        <sreg2>SCFG,SP0_0,SP0_1,SP0_2,SP0_3,,,</sreg2>
        <sreg3>,,,,,,,</sreg3>
      </flash>
      <flash signature="9D7E" name="Pm25LV40" Regtype="5">
        <sreg1>BUSY,WEL,BP0,BP1,BP2,,,SRWD</sreg1>
        <sreg2>SCFG,SP0_0,SP0_1,SP0_2,SP0_3,,,</sreg2>
        <sreg3>,,,,,,,</sreg3>
      </flash>
      <flash signature="9D13" name="Pm25LV80" Regtype="5">
        <sreg1>BUSY,WEL,BP0,BP1,BP2,,,SRWD</sreg1>
        <sreg2>SCFG,SP0_0,SP0_1,SP0_2,SP0_3,,,</sreg2>
        <sreg3>,,,,,,,</sreg3>
      </flash>
      <flash signature="9D14" name="Pm25LV16" Regtype="5">
        <sreg1>BUSY,WEL,BP0,BP1,BP2,,,SRWD</sreg1>
        <sreg2>SCFG,SP0_0,SP0_1,SP0_2,SP0_3,,,</sreg2>
        <sreg3>,,,,,,,</sreg3>
      </flash>
      <flash signature="9D20" name="Pm25LD512" Regtype="1">
        <sreg1>BUSY,WEL,BP0,BP1,BP2,,,SRWD</sreg1>
        <sreg2>,,,,,,,</sreg2>
        <sreg3>,,,,,,,</sreg3>
      </flash>
      <flash signature="9D21" name="Pm25LD010" Regtype="1">
        <sreg1>BUSY,WEL,BP0,BP1,BP2,,,SRWD</sreg1>
        <sreg2>,,,,,,,</sreg2>
        <sreg3>,,,,,,,</sreg3>
      </flash>
      <flash signature="9D22" name="Pm25LD020" Regtype="1">
        <sreg1>BUSY,WEL,BP0,BP1,BP2,,,SRWD</sreg1>
        <sreg2>,,,,,,,</sreg2>
        <sreg3>,,,,,,,</sreg3>
      </flash>
    </PMC>
    <PFLASH>
      <flash signature="" name="default" Regtype="1">
        <sreg1>BUSY,WEL,BP0,BP1,BP2,(BP3),(QE),SRWD</sreg1>
        <sreg2>,,,,,,,</sreg2>
        <sreg3>,,,,,,,</sreg3>
      </flash>
      <flash signature="7F9D2F" name="Pm25LD256" Regtype="5">
        <sreg1>BUSY,WEL,BP0,BP1,,,,SRWD</sreg1>
        <sreg2>SCFG,SP0_0,SP0_1,SP0_2,SP0_3,,,</sreg2>
        <sreg3>,,,,,,,</sreg3>
      </flash>
      <flash signature="7F9D7B" name="Pm25LV512" Regtype="5">
        <sreg1>BUSY,WEL,BP0,BP1,,,,SRWD</sreg1>
        <sreg2>SCFG,SP0_0,SP0_1,SP0_2,SP0_3,,,</sreg2>
        <sreg3>,,,,,,,</sreg3>
      </flash>
      <flash signature="7F9D7C" name="Pm25LV10" Regtype="5">
        <sreg1>BUSY,WEL,BP0,BP1,,,,SRWD</sreg1>
        <sreg2>SCFG,SP0_0,SP0_1,SP0_2,SP0_3,,,</sreg2>
        <sreg3>,,,,,,,</sreg3>
      </flash>
      <flash signature="7F9D7D" name="Pm25LV20" Regtype="5">
        <sreg1>BUSY,WEL,BP0,BP1,,,,SRWD</sreg1>
        <sreg2>SCFG,SP0_0,SP0_1,SP0_2,SP0_3,,,</sreg2>
        <sreg3>,,,,,,,</sreg3>
      </flash>
      <flash signature="7F9D7E" name="Pm25LV40" Regtype="5">
        <sreg1>BUSY,WEL,BP0,BP1,BP2,,,SRWD</sreg1>
        <sreg2>SCFG,SP0_0,SP0_1,SP0_2,SP0_3,,,</sreg2>
        <sreg3>,,,,,,,</sreg3>
      </flash>
      <flash signature="7F9D13" name="Pm25LV80" Regtype="5">
        <sreg1>BUSY,WEL,BP0,BP1,BP2,,,SRWD</sreg1>
        <sreg2>SCFG,SP0_0,SP0_1,SP0_2,SP0_3,,,</sreg2>
        <sreg3>,,,,,,,</sreg3>
      </flash>
      <flash signature="7F9D14" name="Pm25LV16" Regtype="5">
        <sreg1>BUSY,WEL,BP0,BP1,BP2,,,SRWD</sreg1>
        <sreg2>SCFG,SP0_0,SP0_1,SP0_2,SP0_3,,,</sreg2>
        <sreg3>,,,,,,,</sreg3>
      </flash>
      <flash signature="7F9D20" name="Pm25LD512" Regtype="1">
        <sreg1>BUSY,WEL,BP0,BP1,BP2,,,SRWD</sreg1>
        <sreg2>,,,,,,,</sreg2>
        <sreg3>,,,,,,,</sreg3>
      </flash>
      <flash signature="7F9D21" name="Pm25LD010" Regtype="1">
        <sreg1>BUSY,WEL,BP0,BP1,BP2,,,SRWD</sreg1>
        <sreg2>,,,,,,,</sreg2>
        <sreg3>,,,,,,,</sreg3>
      </flash>
      <flash signature="7F9D22" name="Pm25LD020" Regtype="1">
        <sreg1>BUSY,WEL,BP0,BP1,BP2,,,SRWD</sreg1>
        <sreg2>,,,,,,,</sreg2>
        <sreg3>,,,,,,,</sreg3>
      </flash>
      <flash signature="7F9D42" name="Pm25LQ020" Regtype="1">
        <sreg1>BUSY,WEL,BP0,BP1,BP2,,,SRWD</sreg1>
        <sreg2>,,,,,,,</sreg2>
        <sreg3>,,,,,,,</sreg3>
      </flash>
      <flash signature="7F9D43" name="Pm25LQ040" Regtype="1">
        <sreg1>BUSY,WEL,BP0,BP1,BP2,,,SRWD</sreg1>
        <sreg2>,,,,,,,</sreg2>
        <sreg3>,,,,,,,</sreg3>
      </flash>
      <flash signature="7F9D44" name="Pm25LQ080" Regtype="1">
        <sreg1>BUSY,WEL,BP0,BP1,BP2,,,SRWD</sreg1>
        <sreg2>,,,,,,,</sreg2>
        <sreg3>,,,,,,,</sreg3>
      </flash>
      <flash signature="7F9D54" name="Pm25LQ080_1.8V" Regtype="1">
        <sreg1>BUSY,WEL,BP0,BP1,BP2,,,SRWD</sreg1>
        <sreg2>,,,,,,,</sreg2>
        <sreg3>,,,,,,,</sreg3>
      </flash>
      <flash signature="7F9D45" name="Pm25LQ016" Regtype="1">
        <sreg1>BUSY,WEL,BP0,BP1,BP2,BP3,QE,SRWD</sreg1>
        <sreg2>,,,,,,,</sreg2>
        <sreg3>,,,,,,,</sreg3>
      </flash>
      <flash signature="7F9D46" name="Pm25LQ032" Regtype="1">
        <sreg1>BUSY,WEL,BP0,BP1,BP2,BP3,QE,SRWD</sreg1>
        <sreg2>,,,,,,,</sreg2>
        <sreg3>,,,,,,,</sreg3>
      </flash>
      <flash signature="7F9D47" name="Pm25LQ064" Regtype="1">
        <sreg1>BUSY,WEL,BP0,BP1,BP2,BP3,QE,SRWD</sreg1>
        <sreg2>,,,,,,,</sreg2>
        <sreg3>,,,,,,,</sreg3>
      </flash>
      <flash signature="7F9D48" name="Pm25LQ128" Regtype="1">
        <sreg1>BUSY,WEL,BP0,BP1,BP2,BP3,QE,SRWD</sreg1>
        <sreg2>,,,,,,,</sreg2>
        <sreg3>,,,,,,,</sreg3>
      </flash>
      <flash signature="7F9D32" name="Pm25WD020" Regtype="1">
        <sreg1>BUSY,WEL,BP0,BP1,BP2,,,SRWD</sreg1>
        <sreg2>,,,,,,,</sreg2>
        <sreg3>,,,,,,,</sreg3>
      </flash>
      <flash signature="7F9D33" name="Pm25WD040" Regtype="1">
        <sreg1>BUSY,WEL,BP0,BP1,BP2,,,SRWD</sreg1>
        <sreg2>,,,,,,,</sreg2>
        <sreg3>,,,,,,,</sreg3>
      </flash>
    </PFLASH>
    <MACRONIX>
      <flash signature="" name="default" Regtype="1">
          <sreg1>BUSY,WEL,BP0,BP1,(BP2),(BP3),(CP),SRWD</sreg1>
          <sreg2>,,,,,,,</sreg2>
          <sreg3>,,,,,,,</sreg3>
      </flash>
      <flash signature="C22010" name="MX25L512" Regtype="1">
          <sreg1>BUSY,WEL,BP0,BP1,,,,SRWD</sreg1>
          <sreg2>,,,,,,,</sreg2>
          <sreg3>,,,,,,,</sreg3>
      </flash>
      <flash signature="C22011" name="MX25L1005" Regtype="1">
          <sreg1>BUSY,WEL,BP0,BP1,,,,SRWD</sreg1>
          <sreg2>,,,,,,,</sreg2>
          <sreg3>,,,,,,,</sreg3>
      </flash>
      <flash signature="C22012" name="MX25L2005" Regtype="1">
          <sreg1>BUSY,WEL,BP0,BP1,,,,SRWD</sreg1>
          <sreg2>,,,,,,,</sreg2>
          <sreg3>,,,,,,,</sreg3>
      </flash>
      <flash signature="C22013" name="MX25L4005" Regtype="1">
          <sreg1>BUSY,WEL,BP0,BP1,,,,SRWD</sreg1>
          <sreg2>,,,,,,,</sreg2>
          <sreg3>,,,,,,,</sreg3>
      </flash>
      <flash signature="C22014" name="MX25L8005" Regtype="1">
          <sreg1>BUSY,WEL,BP0,BP1,,,,SRWD</sreg1>
          <sreg2>,,,,,,,</sreg2>
          <sreg3>,,,,,,,</sreg3>
      </flash>
      <flash signature="C22015" name="MX25L1605D" Regtype="1">
          <sreg1>BUSY,WEL,BP0,BP1,BP2,BP3,CP,SRWD</sreg1>
          <sreg2>,,,,,,,</sreg2>
          <sreg3>,,,,,,,</sreg3>
      </flash>
      <flash signature="C22016" name="MX25L3205" Regtype="1">
          <sreg1>BUSY,WEL,BP0,BP1,BP2,BP3,CP,SRWD</sreg1>
          <sreg2>,,,,,,,</sreg2>
          <sreg3>,,,,,,,</sreg3>
      </flash>
       <flash signature="C22017" name="MX25L6405" Regtype="1">
          <sreg1>BUSY,WEL,BP0,BP1,BP2,BP3,CP,SRWD</sreg1>
          <sreg2>,,,,,,,</sreg2>
          <sreg3>,,,,,,,</sreg3>
      </flash>
      <flash signature="C22018" name="MX25L12805" Regtype="1">
          <sreg1>BUSY,WEL,BP0,BP1,BP2,BP3,CP,SRWD</sreg1>
          <sreg2>,,,,,,,</sreg2>
          <sreg3>,,,,,,,</sreg3>
      </flash>
      <flash signature="C22019" name="MX25L25635" Regtype="1">
          <sreg1>BUSY,WEL,BP0,BP1,BP2,BP3,CP,SRWD</sreg1>
          <sreg2>,,,,,,,</sreg2>
          <sreg3>,,,,,,,</sreg3>
      </flash>
      <flash signature="C2201A" name="MX25L51245" Regtype="1">
          <sreg1>BUSY,WEL,BP0,BP1,BP2,BP3,CP,SRWD</sreg1>
          <sreg2>,,,,,,,</sreg2>
          <sreg3>,,,,,,,</sreg3>
      </flash>
      <flash signature="C2201B" name="MX25L1G45G" Regtype="1">
          <sreg1>BUSY,WEL,BP0,BP1,BP2,BP3,CP,SRWD</sreg1>
          <sreg2>,,,,,,,</sreg2>
          <sreg3>,,,,,,,</sreg3>
      </flash>
      <flash signature="C22210" name="MX25L5121E" Regtype="1">
          <sreg1>BUSY,WEL,BP0,BP1,,,,SRWD</sreg1>
          <sreg2>,,,,,,,</sreg2>
          <sreg3>,,,,,,,</sreg3>
      </flash>
      <flash signature="C22211" name="MX25L1021E" Regtype="1">
          <sreg1>BUSY,WEL,BP0,BP1,,,,SRWD</sreg1>
          <sreg2>,,,,,,,</sreg2>
          <sreg3>,,,,,,,</sreg3>
      </flash>
      <flash signature="C22310" name="MX25V512" Regtype="1">
          <sreg1>BUSY,WEL,BP0,BP1,,,,SRWD</sreg1>
          <sreg2>,,,,,,,</sreg2>
          <sreg3>,,,,,,,</sreg3>
      </flash>
      <flash signature="C22311" name="MX25V1035" Regtype="1">
          <sreg1>BUSY,WEL,BP0,BP1,,,,SRWD</sreg1>
          <sreg2>,,,,,,,</sreg2>
          <sreg3>,,,,,,,</sreg3>
      </flash>
      <flash signature="C22312" name="MX25V2035" Regtype="1">
          <sreg1>BUSY,WEL,BP0,BP1,,,,SRWD</sreg1>
          <sreg2>,,,,,,,</sreg2>
          <sreg3>,,,,,,,</sreg3>
      </flash>
      <flash signature="C22313" name="MX25V4035" Regtype="1">
          <sreg1>BUSY,WEL,BP0,BP1,,,,SRWD</sreg1>
          <sreg2>,,,,,,,</sreg2>
          <sreg3>,,,,,,,</sreg3>
      </flash>
      <flash signature="C22314" name="MX25V8035" Regtype="1">
          <sreg1>BUSY,WEL,BP0,BP1,,,,SRWD</sreg1>
          <sreg2>,,,,,,,</sreg2>
          <sreg3>,,,,,,,</sreg3>
      </flash>
      <flash signature="C22315" name="MX25V1635F" Regtype="1">
          <sreg1>BUSY,WEL,BP0,BP1,,,,SRWD</sreg1>
          <sreg2>,,,,,,,</sreg2>
          <sreg3>,,,,,,,</sreg3>
      </flash>
      <flash signature="C22415" name="MX25V1675E" Regtype="1">
          <sreg1>BUSY,WEL,BP0,BP1,,,,SRWD</sreg1>
          <sreg2>,,,,,,,</sreg2>
          <sreg3>,,,,,,,</sreg3>
      </flash>
      
      
      
      <flash signature="C212" name="MX35LF1GE4AB" Regtype="10">
          <sreg1>SP,Comp,Inv,BP0,BP1,BP2,,BPRWD</sreg1>
          <sreg2>QE,,,,ECC-E,,OTP-E,OTP-L</sreg2>
          <sreg3>BUSY,WEL,E-FAIL,P-FAIL,ECC-S0,ECC-S1,CRBSY,</sreg3>
      </flash>
      <flash signature="C222" name="MX35LF2GE4AB" Regtype="10">
          <sreg1>,,,BP0,BP1,BP2,,BPRWD</sreg1>
          <sreg2>QE,,,,ECC-E,,OTP-E,OTP-L</sreg2>
          <sreg3>BUSY,WEL,E-FAIL,P-FAIL,ECC-S0,ECC-S1,,</sreg3>
      </flash>
      <flash signature="C220" name="MX35LF2G14AC" Regtype="10">
          <sreg1>SP,Comp,Inv,BP0,BP1,BP2,,BPRWD</sreg1>
          <sreg2>QE,,,,,,OTP-E,OTP-L</sreg2>
          <sreg3>BUSY,WEL,E-FAIL,P-FAIL,,,CRBSY,</sreg3>
      </flash>
      <flash signature="C290" name="MX35UF1G14AC_1.8V" Regtype="10">
          <sreg1>SP,Comp,Inv,BP0,BP1,BP2,,BPRWD</sreg1>
          <sreg2>QE,,,,,,OTP-E,OTP-L</sreg2>
          <sreg3>BUSY,WEL,E-FAIL,P-FAIL,,,,</sreg3>
      </flash>
      <flash signature="C2A0" name="MX35UF2G14AC_1.8V" Regtype="10">
          <sreg1>SP,Comp,Inv,BP0,BP1,BP2,,BPRWD</sreg1>
          <sreg2>QE,,,,,,OTP-E,OTP-L</sreg2>
          <sreg3>BUSY,WEL,E-FAIL,P-FAIL,,,,</sreg3>
      </flash>
    </MACRONIX>
    <FM>
      <flash signature="" name="default" Regtype="3">
        <sreg1>BUSY,WEL,BP0,BP1,BP2,TB,RFU,SRP0</sreg1>
        <sreg2>SRP1,QE,S10,S11,S12,S13,S14,S15</sreg2>
        <sreg3>S16,S17,S18,S19,S20,S21,S22,S23</sreg3>
      </flash>
    </FM>
    <WINBOND>
      <flash signature="" name="default" Regtype="3">
        <sreg1>BUSY,WEL,BP0,BP1,BP2,TB,SEC,SRP0</sreg1>
        <sreg2>SRP1,QE,,LB1,LB2,LB3,CMP,SUS</sreg2>
        <sreg3>,,WPS,,,DRV0,DRV1,(R)</sreg3>
      </flash>
      <flash signature="EF4012" name="W25Q20" Regtype="3">
        <sreg1>BUSY,WEL,BP0,BP1,BP2,TB,SEC,SRP0</sreg1>
        <sreg2>SRP1,QE,,LB1,LB2,LB3,CMP,SUS</sreg2>
        <sreg3>,,WPS,,,DRV0,DRV1,(R)</sreg3>
      </flash>
      <flash signature="EF6012" name="W25Q20_1.8V" Regtype="3">
        <sreg1>BUSY,WEL,BP0,BP1,BP2,TB,SEC,SRP0</sreg1>
        <sreg2>SRP1,QE,,LB1,LB2,LB3,CMP,SUS</sreg2>
        <sreg3>,,WPS,,,DRV0,DRV1,(R)</sreg3>
      </flash>
      <flash signature="EF4013" name="W25Q40" Regtype="3">
        <sreg1>BUSY,WEL,BP0,BP1,BP2,TB,SEC,SRP0</sreg1>
        <sreg2>SRP1,QE,,LB1,LB2,LB3,CMP,SUS</sreg2>
        <sreg3>,,WPS,,,DRV0,DRV1,</sreg3>
      </flash>
      <flash signature="EF6013" name="W25Q40_1.8V" Regtype="3">
        <sreg1>BUSY,WEL,BP0,BP1,BP2,TB,SEC,SRP0</sreg1>
        <sreg2>SRP1,QE,,LB1,LB2,LB3,CMP,SUS</sreg2>
        <sreg3>,,WPS,,,DRV0,DRV1,(R)</sreg3>
      </flash>
      <flash signature="EF4014" name="W25Q80" Regtype="3">
        <sreg1>BUSY,WEL,BP0,BP1,BP2,TB,SEC,SRP0</sreg1>
        <sreg2>SRP1,QE,,LB1,LB2,LB3,CMP,SUS</sreg2>
        <sreg3>,,WPS,,,DRV0,DRV1,(R)</sreg3>
      </flash>
      <flash signature="EF6014" name="W25Q80_1.8V" Regtype="3">
        <sreg1>BUSY,WEL,BP0,BP1,BP2,TB,SEC,SRP0</sreg1>
        <sreg2>SRP1,QE,,LB1,LB2,LB3,CMP,SUS</sreg2>
        <sreg3>,,WPS,,,DRV0,DRV1,(R)</sreg3>
      </flash>
      <flash signature="EF4015" name="W25Q16" Regtype="3">
        <sreg1>BUSY,WEL,BP0,BP1,BP2,TB,SEC,SRP0</sreg1>
        <sreg2>SRP1,QE,,LB1,LB2,LB3,CMP,SUS</sreg2>
        <sreg3>,,WPS,,,DRV0,DRV1,(R)</sreg3>
      </flash>
      <flash signature="EF6015" name="W25Q16_1.8V" Regtype="3">
        <sreg1>BUSY,WEL,BP0,BP1,BP2,TB,SEC,SRP0</sreg1>
        <sreg2>SRP1,QE,,LB1,LB2,LB3,CMP,SUS</sreg2>
        <sreg3>,,WPS,,,DRV0,DRV1,(R)</sreg3>
      </flash>
      <flash signature="EF4016" name="W25Q32" Regtype="3">
        <sreg1>BUSY,WEL,BP0,BP1,BP2,TB,SEC,SRP0</sreg1>
        <sreg2>SRP1,QE,,LB1,LB2,LB3,CMP,SUS</sreg2>
        <sreg3>,,WPS,,,DRV0,DRV1,(R)</sreg3>
      </flash>
      <flash signature="EF6016" name="W25Q32_1.8V" Regtype="3">
        <sreg1>BUSY,WEL,BP0,BP1,BP2,TB,SEC,SRP0</sreg1>
        <sreg2>SRP1,QE,,LB1,LB2,LB3,CMP,SUS</sreg2>
        <sreg3>,,WPS,,,DRV0,DRV1,(R)</sreg3>
      </flash>
      <flash signature="EF4017" name="W25Q64xV" Regtype="2">
        <sreg1>BUSY,WEL,BP0,BP1,BP2,TB,SEC,SRP0</sreg1>
        <sreg2>SRP1,QE,,LB1,LB2,LB3,CMP,SUS</sreg2>
        <sreg3>,,,,,,,</sreg3>
      </flash>
      <flash signature="EF6017" name="W25Q64FW_1.8V" Regtype="3">
        <sreg1>BUSY,WEL,BP0,BP1,BP2,TB,SEC,SRP0</sreg1>
        <sreg2>SRP1,QE,,LB1,LB2,LB3,CMP,SUS</sreg2>
        <sreg3>,,WPS,,,DRV0,DRV1,(R)</sreg3>
      </flash>
      <flash signature="EF4018" name="W25Q128FV" Regtype="3">
        <sreg1>BUSY,WEL,BP0,BP1,BP2,TB,SEC,SRP0</sreg1>
        <sreg2>SRP1,QE,,LB1,LB2,LB3,CMP,SUS</sreg2>
        <sreg3>,,WPS,,,DRV0,DRV1,(R)</sreg3>
      </flash>
      <flash signature="EF6018" name="W25Q128FW_1.8V" Regtype="3">
        <sreg1>BUSY,WEL,BP0,BP1,BP2,TB,SEC,SRP0</sreg1>
        <sreg2>SRP1,QE,,LB1,LB2,LB3,CMP,SUS</sreg2>
        <sreg3>,,WPS,,,DRV0,DRV1,(R)</sreg3>
      </flash>
      <flash signature="EF4019" name="W25Q256FV" Regtype="3">
        <sreg1>BUSY,WEL,BP0,BP1,BP2,BP3,TB,SRP0</sreg1>
        <sreg2>SRP1,QE,,LB1,LB2,LB3,CMP,SUS</sreg2>
        <sreg3>ADS,ADP,WPS,,,DRV0,DRV1,(R)</sreg3>
      </flash>
      <flash signature="EF6019" name="W25Q256FW_1.8V" Regtype="3">
        <sreg1>BUSY,WEL,BP0,BP1,BP2,BP3,TB,SRP0</sreg1>
        <sreg2>SRP1,QE,,LB1,LB2,LB3,CMP,SUS</sreg2>
        <sreg3>ADS,ADP,WPS,,,DRV0,DRV1,(R)</sreg3>
      </flash>
      <flash signature="EFAA21" name="W25N01GV" Regtype="10">
        <sreg1>SRP1,WP-E,TB,BP0,BP1,BP2,BP3,SRP0</sreg1>
        <sreg2>,,,BUF,ECC-E,SR1-L,OTP-E,OTP-L</sreg2>
        <sreg3>BUSY,WEL,E-FAIL,P-FAIL,ECC-0,ECC-1,LUT-F,</sreg3>
      </flash>
      <flash signature="EFBA21" name="W25N01GW_1.8V" Regtype="10">
        <sreg1>SRP1,WP-E,TB,BP0,BP1,BP2,BP3,SRP0</sreg1>
        <sreg2>,,,BUF,ECC-E,SR1-L,OTP-E,OTP-L</sreg2>
        <sreg3>BUSY,WEL,E-FAIL,P-FAIL,ECC-0,ECC-1,LUT-F,</sreg3>
      </flash>
      <flash signature="EFAB21" name="W25N02GV" Regtype="10">
        <sreg1>SRP1,WP-E,TB,BP0,BP1,BP2,BP3,SRP0</sreg1>
        <sreg2>,,,BUF,ECC-E,SR1-L,OTP-E,OTP-L</sreg2>
        <sreg3>BUSY,WEL,E-FAIL,P-FAIL,ECC-0,ECC-1,LUT-F,</sreg3>
      </flash>
    </WINBOND>
    <GIGADEVICE>
      <flash signature="" name="default" Regtype="2">
        <sreg1>BUSY,WEL,BP0,BP1,BP2,BP3,BP4,SRP0</sreg1>
        <sreg2>SRP1,QE,,,,,,</sreg2>
        <sreg3>,,,,,,,</sreg3>
      </flash>
      <flash signature="C84010" name="GD25Q512" Regtype="2">
        <sreg1>BUSY,WEL,BP0,BP1,BP2,BP3,BP4,SRP0</sreg1>
        <sreg2>SRP1,QE,,,,,,</sreg2>
        <sreg3>,,,,,,,</sreg3>
      </flash>
      <flash signature="C84011" name="GD25Q10" Regtype="2">
        <sreg1>BUSY,WEL,BP0,BP1,BP2,BP3,BP4,SRP0</sreg1>
        <sreg2>SRP1,QE,,,,,,</sreg2>
        <sreg3>,,,,,,,</sreg3>
      </flash>
      <flash signature="C84012" name="GD25Q20" Regtype="2">
        <sreg1>BUSY,WEL,BP0,BP1,BP2,BP3,BP4,SRP0</sreg1>
        <sreg2>SRP1,QE,,,,,,</sreg2>
        <sreg3>,,,,,,,</sreg3>
      </flash>
      <flash signature="C84013" name="GD25Q40" Regtype="2">
        <sreg1>BUSY,WEL,BP0,BP1,BP2,BP3,BP4,SRP0</sreg1>
        <sreg2>SRP1,QE,,,,,,</sreg2>
        <sreg3>,,,,,,,</sreg3>
      </flash>
      <flash signature="C84014" name="GD25Q80" Regtype="2">
        <sreg1>BUSY,WEL,BP0,BP1,BP2,BP3,BP4,SRP0</sreg1>
        <sreg2>SRP1,QE,,,,,,</sreg2>
        <sreg3>,,,,,,,</sreg3>
      </flash>
      <flash signature="C84015" name="GD25Q16" Regtype="2">
        <sreg1>BUSY,WEL,BP0,BP1,BP2,BP3,BP4,SRP0</sreg1>
        <sreg2>SRP1,QE,,,,,,</sreg2>
        <sreg3>,,,,,,,</sreg3>
      </flash>
      <flash signature="C84016" name="GD25Q32" Regtype="2">
        <sreg1>BUSY,WEL,BP0,BP1,BP2,BP3,BP4,SRP0</sreg1>
        <sreg2>SRP1,QE,,,,,,</sreg2>
        <sreg3>,,,,,,,</sreg3>
      </flash>
      <flash signature="C84017" name="GD25Q64" Regtype="4">
        <sreg1>BUSY,WEL,BP0,BP1,BP2,BP3,BP4,SRP0</sreg1>
        <sreg2>SRP1,QE,SUS2,LB1,LB2,LB3,CMP,SUS1</sreg2>
        <sreg3>,,,,HPF,DRV0,DRV1,</sreg3>
      </flash>
      <flash signature="C84018" name="GD25Q128" Regtype="4">
        <sreg1>BUSY,WEL,BP0,BP1,BP2,BP3,BP4,SRP0</sreg1>
        <sreg2>SRP1,QE,SUS2,LB1,LB2,LB3,CMP,SUS1</sreg2>
        <sreg3>,,,,HPF,DRV0,DRV1,</sreg3>
      </flash>
      <flash signature="C84019" name="GD25LQ256" Regtype="4">
        <sreg1>BUSY,WEL,BP0,BP1,BP2,BP3,BP4,SRP0</sreg1>
        <sreg2>SRP1,QE,SUS2,LB1,LB2,LB3,CMP,SUS1</sreg2>
        <sreg3>,,,,HPF,DRV0,DRV1,</sreg3>
      </flash>
      <flash signature="C86016" name="GD25LQ32_1.8V" Regtype="2">
        <sreg1>BUSY,WEL,BP0,BP1,BP2,BP3,BP4,SRP0</sreg1>
        <sreg2>SRP1,QE,SUS2,LB1,LB2,LB3,CMP,SUS1</sreg2>
        <sreg3>,,,,,,,</sreg3>
      </flash>
      <flash signature="C86017" name="GD25LQ64_1.8V" Regtype="2">
        <sreg1>BUSY,WEL,BP0,BP1,BP2,BP3,BP4,SRP0</sreg1>
        <sreg2>SRP1,QE,SUS2,LB1,LB2,LB3,CMP,SUS1</sreg2>
        <sreg3>,,,,,,,</sreg3>
      </flash>
      <flash signature="C86018" name="GD25LQ128_1.8V" Regtype="2">
        <sreg1>BUSY,WEL,BP0,BP1,BP2,BP3,BP4,SRP0</sreg1>
        <sreg2>SRP1,QE,SUS2,LB1,LB2,LB3,CMP,SUS1</sreg2>
        <sreg3>,,,,,,,</sreg3>
      </flash>
      <flash signature="C86019" name="GD25LQ256_1.8V" Regtype="2">
        <sreg1>BUSY,WEL,BP0,BP1,BP2,BP3,BP4,SRP0</sreg1>
        <sreg2>SRP1,QE,SUS2,EN4B,LB2,LB3,CMP,SUS1</sreg2>
        <sreg3>,,,,,,,</sreg3>
      </flash>
      <flash signature="C8D1" name="GD5F1GQ4UExxG" Regtype="10">
          <sreg1>,Comp,Inv,BP0,BP1,BP2,,BPRWD</sreg1>
          <sreg2>QE,,BBI,,ECC-E,,OTP-E,OTP-PRT</sreg2>
          <sreg3>BUSY,WEL,E-FAIL,P-FAIL,ECC-S0,ECC-S1,CBSY,</sreg3>
      </flash>
    </GIGADEVICE>
    <ISSI>
      <flash signature="" name="default" Regtype="1">
        <sreg1>BUSY,WEL,BP0,BP1,BP2,BP3,QE,SRWD</sreg1>
        <sreg2>,,,,,,,</sreg2>
        <sreg3>,,,,,,,</sreg3>
      </flash>
      <flash signature="9D4009" name="IS25LQ025" Regtype="1">
        <sreg1>BUSY,WEL,BP0,BP1,BP2,BP3,QE,SRWD</sreg1>
        <sreg2>,,,,,,,</sreg2>
        <sreg3>,,,,,,,</sreg3>
      </flash>
      <flash signature="9D4010" name="IS25LQ512" Regtype="1">
        <sreg1>BUSY,WEL,BP0,BP1,BP2,BP3,QE,SRWD</sreg1>
        <sreg2>,,,,,,,</sreg2>
        <sreg3>,,,,,,,</sreg3>
      </flash>
      <flash signature="9D4011" name="IS25LQ010" Regtype="1">
        <sreg1>BUSY,WEL,BP0,BP1,BP2,BP3,QE,SRWD</sreg1>
        <sreg2>,,,,,,,</sreg2>
        <sreg3>,,,,,,,</sreg3>
      </flash>
      <flash signature="9D4012" name="IS25LQ020" Regtype="1">
        <sreg1>BUSY,WEL,BP0,BP1,BP2,BP3,QE,SRWD</sreg1>
        <sreg2>,,,,,,,</sreg2>
        <sreg3>,,,,,,,</sreg3>
      </flash>
      <flash signature="9D4013" name="IS25LQ040" Regtype="1">
        <sreg1>BUSY,WEL,BP0,BP1,BP2,BP3,QE,SRWD</sreg1>
        <sreg2>,,,,,,,</sreg2>
        <sreg3>,,,,,,,</sreg3>
      </flash>
      <flash signature="9D4014" name="IS25LQ080" Regtype="1">
        <sreg1>BUSY,WEL,BP0,BP1,BP2,BP3,QE,SRWD</sreg1>
        <sreg2>,,,,,,,</sreg2>
        <sreg3>,,,,,,,</sreg3>
      </flash>
      <flash signature="9D4015" name="IS25LQ016" Regtype="1">
        <sreg1>BUSY,WEL,BP0,BP1,BP2,BP3,QE,SRWD</sreg1>
        <sreg2>,,,,,,,</sreg2>
        <sreg3>,,,,,,,</sreg3>
      </flash>
      <flash signature="9D4016" name="IS25LQ032" Regtype="1">
        <sreg1>BUSY,WEL,BP0,BP1,BP2,BP3,QE,SRWD</sreg1>
        <sreg2>,,,,,,,</sreg2>
        <sreg3>,,,,,,,</sreg3>
      </flash>
      <flash signature="9D1142" name="IS25LQ020" Regtype="1">
        <sreg1>BUSY,WEL,BP0,BP1,BP2,BP3,QE,SRWD</sreg1>
        <sreg2>,,,,,,,</sreg2>
        <sreg3>,,,,,,,</sreg3>
      </flash>
      <flash signature="9D1243" name="IS25LQ040" Regtype="1">
        <sreg1>BUSY,WEL,BP0,BP1,BP2,BP3,QE,SRWD</sreg1>
        <sreg2>,,,,,,,</sreg2>
        <sreg3>,,,,,,,</sreg3>
      </flash>
      <flash signature="9D1344" name="IS25LQ080" Regtype="1">
        <sreg1>BUSY,WEL,BP0,BP1,BP2,BP3,QE,SRWD</sreg1>
        <sreg2>,,,,,,,</sreg2>
        <sreg3>,,,,,,,</sreg3>
      </flash>
      <flash signature="9D1354" name="IS25LQ080_1.8V" Regtype="1">
        <sreg1>BUSY,WEL,BP0,BP1,BP2,BP3,QE,SRWD</sreg1>
        <sreg2>,,,,,,,</sreg2>
        <sreg3>,,,,,,,</sreg3>
      </flash>
      <flash signature="9D1445" name="IS25LQ016" Regtype="1">
        <sreg1>BUSY,WEL,BP0,BP1,BP2,BP3,QE,SRWD</sreg1>
        <sreg2>,,,,,,,</sreg2>
        <sreg3>,,,,,,,</sreg3>
      </flash>
      <flash signature="9D1546" name="IS25LQ032" Regtype="1">
        <sreg1>BUSY,WEL,BP0,BP1,BP2,BP3,QE,SRWD</sreg1>
        <sreg2>,,,,,,,</sreg2>
        <sreg3>,,,,,,,</sreg3>
      </flash>
      <flash signature="9D1647" name="IS25LQ064" Regtype="1">
        <sreg1>BUSY,WEL,BP0,BP1,BP2,BP3,QE,SRWD</sreg1>
        <sreg2>,,,,,,,</sreg2>
        <sreg3>,,,,,,,</sreg3>
      </flash>
      <flash signature="9D1648" name="IS25LQ128" Regtype="1">
        <sreg1>BUSY,WEL,BP0,BP1,BP2,BP3,QE,SRWD</sreg1>
        <sreg2>,,,,,,,</sreg2>
        <sreg3>,,,,,,,</sreg3>
      </flash>
      <flash signature="9D6014" name="IS25LP080" Regtype="1">
        <sreg1>BUSY,WEL,BP0,BP1,BP2,BP3,QE,SRWD</sreg1>
        <sreg2>,,,,,,,</sreg2>
        <sreg3>,,,,,,,</sreg3>
      </flash>
      <flash signature="9D6015" name="IS25LP016" Regtype="1">
        <sreg1>BUSY,WEL,BP0,BP1,BP2,BP3,QE,SRWD</sreg1>
        <sreg2>,,,,,,,</sreg2>
        <sreg3>,,,,,,,</sreg3>
      </flash>
      <flash signature="9D6016" name="IS25LP032" Regtype="1">
        <sreg1>BUSY,WEL,BP0,BP1,BP2,BP3,QE,SRWD</sreg1>
        <sreg2>,,,,,,,</sreg2>
        <sreg3>,,,,,,,</sreg3>
      </flash>
      <flash signature="9D6017" name="IS25LP064" Regtype="1">
        <sreg1>BUSY,WEL,BP0,BP1,BP2,BP3,QE,SRWD</sreg1>
        <sreg2>,,,,,,,</sreg2>
        <sreg3>,,,,,,,</sreg3>
      </flash>
      <flash signature="9D6018" name="IS25LP128" Regtype="1">
        <sreg1>BUSY,WEL,BP0,BP1,BP2,BP3,QE,SRWD</sreg1>
        <sreg2>,,,,,,,</sreg2>
        <sreg3>,,,,,,,</sreg3>
      </flash>
      <flash signature="9D6019" name="IS25LP256" Regtype="1">
        <sreg1>BUSY,WEL,BP0,BP1,BP2,BP3,QE,SRWD</sreg1>
        <sreg2>,,,,,,,</sreg2>
        <sreg3>,,,,,,,</sreg3>
      </flash>
      <flash signature="9D601A" name="IS25LP512" Regtype="1">
        <sreg1>BUSY,WEL,BP0,BP1,BP2,BP3,QE,SRWD</sreg1>
        <sreg2>,,,,,,,</sreg2>
        <sreg3>,,,,,,,</sreg3>
      </flash>
      <flash signature="9D7012" name="IS25WP020_1.8V" Regtype="1">
        <sreg1>BUSY,WEL,BP0,BP1,BP2,BP3,QE,SRWD</sreg1>
        <sreg2>,,,,,,,</sreg2>
        <sreg3>,,,,,,,</sreg3>
      </flash>
      <flash signature="9D7013" name="IS25WP040_1.8V" Regtype="1">
        <sreg1>BUSY,WEL,BP0,BP1,BP2,BP3,QE,SRWD</sreg1>
        <sreg2>,,,,,,,</sreg2>
        <sreg3>,,,,,,,</sreg3>
      </flash>
      <flash signature="9D7014" name="IS25WP080_1.8V" Regtype="1">
        <sreg1>BUSY,WEL,BP0,BP1,BP2,BP3,QE,SRWD</sreg1>
        <sreg2>,,,,,,,</sreg2>
        <sreg3>,,,,,,,</sreg3>
      </flash>
      <flash signature="9D7015" name="IS25WP016_1.8V" Regtype="1">
        <sreg1>BUSY,WEL,BP0,BP1,BP2,BP3,QE,SRWD</sreg1>
        <sreg2>,,,,,,,</sreg2>
        <sreg3>,,,,,,,</sreg3>
      </flash>
      <flash signature="9D7016" name="IS25WP032_1.8V" Regtype="1">
        <sreg1>BUSY,WEL,BP0,BP1,BP2,BP3,QE,SRWD</sreg1>
        <sreg2>,,,,,,,</sreg2>
        <sreg3>,,,,,,,</sreg3>
      </flash>
      <flash signature="9D7017" name="IS25WP064_1.8V" Regtype="1">
        <sreg1>BUSY,WEL,BP0,BP1,BP2,BP3,QE,SRWD</sreg1>
        <sreg2>,,,,,,,</sreg2>
        <sreg3>,,,,,,,</sreg3>
      </flash>
      <flash signature="9D7018" name="IS25WP128_1.8V" Regtype="1">
        <sreg1>BUSY,WEL,BP0,BP1,BP2,BP3,QE,SRWD</sreg1>
        <sreg2>,,,,,,,</sreg2>
        <sreg3>,,,,,,,</sreg3>
      </flash>
      <flash signature="9D7019" name="IS25WP256_1.8V" Regtype="1">
        <sreg1>BUSY,WEL,BP0,BP1,BP2,BP3,QE,SRWD</sreg1>
        <sreg2>,,,,,,,</sreg2>
        <sreg3>,,,,,,,</sreg3>
      </flash>
      <flash signature="9D701A" name="IS25WP512_1.8V" Regtype="1">
        <sreg1>BUSY,WEL,BP0,BP1,BP2,BP3,QE,SRWD</sreg1>
        <sreg2>,,,,,,,</sreg2>
        <sreg3>,,,,,,,</sreg3>
      </flash>
      <flash signature="C8217F" name="IS37SML01G1" Regtype="10">
          <sreg1>,,,BP0,BP1,BP2,,BRWD</sreg1>
          <sreg2>,,,,ECC-E,,OTP-E,OTP-L</sreg2>
          <sreg3>BUSY,WEL,E-FAIL,P-FAIL,ECC-S0,ECC-S1,,</sreg3>
      </flash>
    </ISSI>
    <ST>
      <flash signature="" name="default" Regtype="1">
        <sreg1>BUSY,WEL,BP0,BP1,BP2,,,SRWD</sreg1>
        <sreg2>,,,,,,,</sreg2>
        <sreg3>,,,,,,,</sreg3>
      </flash>
    </ST>
    <SST>
      <flash signature="" name="default" Regtype="1">
        <sreg1>BUSY,WEL,BP0,BP1,BP2,BP3,AAI,BPL</sreg1>
        <sreg2>,,,,,,,</sreg2>
        <sreg3>,,,,,,,</sreg3>
      </flash>
    </SST>
    <PCT>
      <flash signature="" name="default" Regtype="1">
        <sreg1>BUSY,WEL,BP0,BP1,BP2,BP3,AAI,BPL</sreg1>
        <sreg2>,,,,,,,</sreg2>
        <sreg3>,,,,,,,</sreg3>
      </flash>
    </PCT>
  </FLASH25>
  <EEPROM>
    <EEP95>
      <eep name="default">
        <sreg1>BUSY,WEL,BP0,BP1,,,,</sreg1>
      </eep>
      <eep name="M35080">
        <sreg1>BUSY,WEL,BP0,BP1,INC,,UV,SRWD</sreg1>
      </eep>
      <eep name="M95M01">
        <sreg1>BUSY,WEL,BP0,BP1,,,,SRWD</sreg1>
      </eep>
      <eep name="M95M02">
        <sreg1>BUSY,WEL,BP0,BP1,,,,SRWD</sreg1>
      </eep>
    </EEP95>
    <EEP45DB>

    </EEP45DB>
  </EEPROM>

</StatusBits>